name,link
Syntax,https://store.steampowered.com/app/3475370/Syntax/?snr=1_7_7_230_150_1
街头烤肠王,https://store.steampowered.com/app/3423430/_/?snr=1_7_7_230_150_1
Monochrome Nemesis,https://store.steampowered.com/app/3478450/Monochrome_Nemesis/?snr=1_7_7_230_150_1
Stella Can't Hear,https://store.steampowered.com/app/3436490/Stella_Cant_Hear/?snr=1_7_7_230_150_1
東方ファンタジー ～toho fantasy～,https://store.steampowered.com/app/3483220/_toho_fantasy/?snr=1_7_7_230_150_1
Red Horizon: Mars,https://store.steampowered.com/app/3448570/Red_Horizon_Mars/?snr=1_7_7_230_150_1
Astral Throne,https://store.steampowered.com/app/2560500/Astral_Throne/?snr=1_7_7_230_150_1
Get Tilted! :),https://store.steampowered.com/app/2939360/Get_Tilted/?snr=1_7_7_230_150_1
POLE VAULT,https://store.steampowered.com/app/3264320/POLE_VAULT/?snr=1_7_7_230_150_1
Boo! Hunt,https://store.steampowered.com/app/3433430/Boo_Hunt/?snr=1_7_7_230_150_1
An Eternity Gone By,https://store.steampowered.com/app/2735110/An_Eternity_Gone_By/?snr=1_7_7_230_150_1
Haut: Episode One,https://store.steampowered.com/app/3110220/Haut_Episode_One/?snr=1_7_7_230_150_1
Pillow Fight,https://store.steampowered.com/app/3460950/Pillow_Fight/?snr=1_7_7_230_150_1
Cursed Fables: A Gilded Rose Collector's Edition,https://store.steampowered.com/app/3504260/Cursed_Fables_A_Gilded_Rose_Collectors_Edition/?snr=1_7_7_230_150_1
STACK-eRZ,https://store.steampowered.com/app/3421620/STACKeRZ/?snr=1_7_7_230_150_1
Los Pingheros,https://store.steampowered.com/app/2418600/Los_Pingheros/?snr=1_7_7_230_150_1
Last Half of Darkness,https://store.steampowered.com/app/3096000/Last_Half_of_Darkness/?snr=1_7_7_230_150_1
Atlas Protocol - Escape Room,https://store.steampowered.com/app/3292780/Atlas_Protocol__Escape_Room/?snr=1_7_7_230_150_1
Slug Wars,https://store.steampowered.com/app/3445050/Slug_Wars/?snr=1_7_7_230_150_1
Drill to the Stars,https://store.steampowered.com/app/2529090/Drill_to_the_Stars/?snr=1_7_7_230_150_1
Violet Muscle Pain,https://store.steampowered.com/app/3370680/Violet_Muscle_Pain/?snr=1_7_7_230_150_1
Uboat Attack,https://store.steampowered.com/app/3164760/Uboat_Attack/?snr=1_7_7_230_150_1
Vox Populi: Deutschland 2025,https://store.steampowered.com/app/3384880/Vox_Populi_Deutschland_2025/?snr=1_7_7_230_150_1
Food Escape,https://store.steampowered.com/app/3420650/Food_Escape/?snr=1_7_7_230_150_1
A Game About Digging A Hole,https://store.steampowered.com/app/3244220/A_Game_About_Digging_A_Hole/?snr=1_7_7_230_150_1
Rogue Robot: Escape Protocol,https://store.steampowered.com/app/3019710/Rogue_Robot_Escape_Protocol/?snr=1_7_7_230_150_1
Ethereal Fracture,https://store.steampowered.com/app/2868490/Ethereal_Fracture/?snr=1_7_7_230_150_1
Quallet 2,https://store.steampowered.com/app/3451670/Quallet_2/?snr=1_7_7_230_150_1
S.S.C. Rusted,https://store.steampowered.com/app/3376060/SSC_Rusted/?snr=1_7_7_230_150_1
Suki Suki Love,https://store.steampowered.com/app/3433480/Suki_Suki_Love/?snr=1_7_7_230_150_1
Boat Racer,https://store.steampowered.com/app/3428920/Boat_Racer/?snr=1_7_7_230_150_1
Grandpa High on Retro,https://store.steampowered.com/app/2967320/Grandpa_High_on_Retro/?snr=1_7_7_230_150_1
晨昏线,https://store.steampowered.com/app/2461050/_/?snr=1_7_7_230_150_1
Spacepunk Survival,https://store.steampowered.com/app/2286280/Spacepunk_Survival/?snr=1_7_7_230_150_1
Call for Heroes: Pompolic Wars,https://store.steampowered.com/app/3278730/Call_for_Heroes_Pompolic_Wars/?snr=1_7_7_230_150_1
Dragoon Ascension,https://store.steampowered.com/app/3446090/Dragoon_Ascension/?snr=1_7_7_230_150_1
100 hidden Cats : Playground,https://store.steampowered.com/app/3464500/100_hidden_Cats__Playground/?snr=1_7_7_230_150_1
Dream Cage,https://store.steampowered.com/app/3122170/Dream_Cage/?snr=1_7_7_230_150_1
Drunk Builder Simulator,https://store.steampowered.com/app/3113750/Drunk_Builder_Simulator/?snr=1_7_7_230_150_1
Frip and Froop's Logical Labyrinth DX,https://store.steampowered.com/app/2499740/Frip_and_Froops_Logical_Labyrinth_DX/?snr=1_7_7_230_150_1
Ambulance Life: A Paramedic Simulator,https://store.steampowered.com/app/1926520/Ambulance_Life_A_Paramedic_Simulator/?snr=1_7_7_230_150_1
Let's Cook Together 2,https://store.steampowered.com/app/1637400/Lets_Cook_Together_2/?snr=1_7_7_230_150_1
Polygeddon,https://store.steampowered.com/app/2067020/Polygeddon/?snr=1_7_7_230_150_1
Big Helmet Heroes,https://store.steampowered.com/app/2397250/Big_Helmet_Heroes/?snr=1_7_7_230_150_1
Маза,https://store.steampowered.com/app/2672760/Maza/?snr=1_7_7_230_150_1
Everwarder,https://store.steampowered.com/app/2307170/Everwarder/?snr=1_7_7_230_150_1
UNDER DEFEAT,https://store.steampowered.com/app/2869510/UNDER_DEFEAT/?snr=1_7_7_230_150_1
Border Pioneer,https://store.steampowered.com/app/2346410/Border_Pioneer/?snr=1_7_7_230_150_1
The Armed Shadow,https://store.steampowered.com/app/3472010/The_Armed_Shadow/?snr=1_7_7_230_150_1
Murder Is Game Over: The Blackinton Curse,https://store.steampowered.com/app/3046150/Murder_Is_Game_Over_The_Blackinton_Curse/?snr=1_7_7_230_150_1
The Fallow City,https://store.steampowered.com/app/3410980/The_Fallow_City/?snr=1_7_7_230_150_2
Vulpestale,https://store.steampowered.com/app/3122700/Vulpestale/?snr=1_7_7_230_150_2
Catnip Fever Dreamland,https://store.steampowered.com/app/3474530/Catnip_Fever_Dreamland/?snr=1_7_7_230_150_2
Island Rescue: Tropic Survival,https://store.steampowered.com/app/3432660/Island_Rescue_Tropic_Survival/?snr=1_7_7_230_150_2
Tantalus,https://store.steampowered.com/app/3446210/Tantalus/?snr=1_7_7_230_150_2
Prism: Master Tape,https://store.steampowered.com/app/3452940/Prism_Master_Tape/?snr=1_7_7_230_150_2
Aether Collector,https://store.steampowered.com/app/2017150/Aether_Collector/?snr=1_7_7_230_150_2
TopplePOP: Bungee Blockbusters,https://store.steampowered.com/app/1175770/TopplePOP_Bungee_Blockbusters/?snr=1_7_7_230_150_2
鸭鸭大冒险 (Duck Duck Adventure),https://store.steampowered.com/app/3378260/_Duck_Duck_Adventure/?snr=1_7_7_230_150_2
Pixel Game Maker Series LUNLUN SUPER HERO BABIES PLUS NEWGAMES,https://store.steampowered.com/app/3334650/Pixel_Game_Maker_Series_LUNLUN_SUPER_HERO_BABIES_PLUS_NEWGAMES/?snr=1_7_7_230_150_2
Project 1337: The Well,https://store.steampowered.com/app/3375970/Project_1337_The_Well/?snr=1_7_7_230_150_2
Archaeology - Frozen Pirates,https://store.steampowered.com/app/3463190/Archaeology__Frozen_Pirates/?snr=1_7_7_230_150_2
Archaeology - Frozen Space,https://store.steampowered.com/app/3463180/Archaeology__Frozen_Space/?snr=1_7_7_230_150_2
How Much Items - Plants,https://store.steampowered.com/app/3471100/How_Much_Items__Plants/?snr=1_7_7_230_150_2
How Much Items - Tanks,https://store.steampowered.com/app/3471090/How_Much_Items__Tanks/?snr=1_7_7_230_150_2
Crystal Eyes,https://store.steampowered.com/app/2786980/Crystal_Eyes/?snr=1_7_7_230_150_2
Bubble Battle Blast 3D,https://store.steampowered.com/app/3096960/Bubble_Battle_Blast_3D/?snr=1_7_7_230_150_2
Red Tower,https://store.steampowered.com/app/2065280/Red_Tower/?snr=1_7_7_230_150_2
Looney Landers,https://store.steampowered.com/app/3169660/Looney_Landers/?snr=1_7_7_230_150_2
World of Outlaws: Dirt Racing 24 Gold Edition,https://store.steampowered.com/app/3281130/World_of_Outlaws_Dirt_Racing_24_Gold_Edition/?snr=1_7_7_230_150_2
Idle Grid,https://store.steampowered.com/app/2940220/Idle_Grid/?snr=1_7_7_230_150_2
Beast's Bane,https://store.steampowered.com/app/3456550/Beasts_Bane/?snr=1_7_7_230_150_2
Transregnum,https://store.steampowered.com/app/3451600/Transregnum/?snr=1_7_7_230_150_2
My Bird,https://store.steampowered.com/app/3461210/My_Bird/?snr=1_7_7_230_150_2
Magatch,https://store.steampowered.com/app/3461190/Magatch/?snr=1_7_7_230_150_2
Gelluloid Domination,https://store.steampowered.com/app/3419390/Gelluloid_Domination/?snr=1_7_7_230_150_2
Significant,https://store.steampowered.com/app/3459700/Significant/?snr=1_7_7_230_150_2
RaidStar,https://store.steampowered.com/app/3424110/RaidStar/?snr=1_7_7_230_150_2
Rogue Monster Rush,https://store.steampowered.com/app/971220/Rogue_Monster_Rush/?snr=1_7_7_230_150_2
UNDERWARD,https://store.steampowered.com/app/3025290/UNDERWARD/?snr=1_7_7_230_150_2
Careening,https://store.steampowered.com/app/3321790/Careening/?snr=1_7_7_230_150_2
Монстры в лунном свете: Тетрис,https://store.steampowered.com/app/3413140/Monstry_v_lunnom_svete_Tetris/?snr=1_7_7_230_150_2
Wiz vs. Kingdom,https://store.steampowered.com/app/3410370/Wiz_vs_Kingdom/?snr=1_7_7_230_150_2
Путешественник: В Плавание,https://store.steampowered.com/app/2653850/Puteshestvennik_V_Plavanie/?snr=1_7_7_230_150_2
City of Nightmares,https://store.steampowered.com/app/3056960/City_of_Nightmares/?snr=1_7_7_230_150_2
Froggies at the Zoo,https://store.steampowered.com/app/2566620/Froggies_at_the_Zoo/?snr=1_7_7_230_150_2
The Wickie : Journey of a Lighthouse Keeper,https://store.steampowered.com/app/1577510/The_Wickie__Journey_of_a_Lighthouse_Keeper/?snr=1_7_7_230_150_2
Chaotic Cats,https://store.steampowered.com/app/3240790/Chaotic_Cats/?snr=1_7_7_230_150_2
FearCarly,https://store.steampowered.com/app/3390070/FearCarly/?snr=1_7_7_230_150_2
Animal Pattern,https://store.steampowered.com/app/3336370/Animal_Pattern/?snr=1_7_7_230_150_2
ScreenSaver Battle,https://store.steampowered.com/app/3143750/ScreenSaver_Battle/?snr=1_7_7_230_150_2
Farmsville,https://store.steampowered.com/app/3297020/Farmsville/?snr=1_7_7_230_150_2
金币收集挑战,https://store.steampowered.com/app/3460220/_/?snr=1_7_7_230_150_2
Blood Bar Tycoon,https://store.steampowered.com/app/2776780/Blood_Bar_Tycoon/?snr=1_7_7_230_150_2
シーモンタウンTDふたつの魔法の杖と危険すぎた追跡,https://store.steampowered.com/app/3458300/TD/?snr=1_7_7_230_150_2
babyRun,https://store.steampowered.com/app/3473260/babyRun/?snr=1_7_7_230_150_2
doctrine,https://store.steampowered.com/app/3436790/doctrine/?snr=1_7_7_230_150_2
誘日 -ユウヒ-,https://store.steampowered.com/app/3384900/_/?snr=1_7_7_230_150_2
Malachite: Temple of the Sun,https://store.steampowered.com/app/2702390/Malachite_Temple_of_the_Sun/?snr=1_7_7_230_150_2
Bumble Brawlers,https://store.steampowered.com/app/3351770/Bumble_Brawlers/?snr=1_7_7_230_150_2
Macro Data Rafinement Simulator,https://store.steampowered.com/app/3459460/Macro_Data_Rafinement_Simulator/?snr=1_7_7_230_150_3
Urban Shadows Racing™ Tokyo,https://store.steampowered.com/app/3396460/Urban_Shadows_Racing_Tokyo/?snr=1_7_7_230_150_3
PATH BALL,https://store.steampowered.com/app/3409560/PATH__BALL/?snr=1_7_7_230_150_3
1989 After the War,https://store.steampowered.com/app/3192680/1989_After_the_War/?snr=1_7_7_230_150_3
Awakening,https://store.steampowered.com/app/3351410/Awakening/?snr=1_7_7_230_150_3
Relaxing Fields,https://store.steampowered.com/app/3373800/Relaxing_Fields/?snr=1_7_7_230_150_3
BLOODPUNISHED: NO TIME POR PATIENCE,https://store.steampowered.com/app/3440880/BLOODPUNISHED_NO_TIME_POR_PATIENCE/?snr=1_7_7_230_150_3
Escape from the Archives,https://store.steampowered.com/app/3451940/Escape_from_the_Archives/?snr=1_7_7_230_150_3
Sauna of the DEAD,https://store.steampowered.com/app/2780140/Sauna_of_the_DEAD/?snr=1_7_7_230_150_3
Wreck Poly Survival,https://store.steampowered.com/app/3432810/Wreck_Poly_Survival/?snr=1_7_7_230_150_3
Pacifish: Recast,https://store.steampowered.com/app/3398200/Pacifish_Recast/?snr=1_7_7_230_150_3
Curse the Cursor,https://store.steampowered.com/app/3192640/Curse_the_Cursor/?snr=1_7_7_230_150_3
"Up, Up And Away Web !",https://store.steampowered.com/app/3439520/Up_Up_And_Away_Web/?snr=1_7_7_230_150_3
Trials Of Randoom,https://store.steampowered.com/app/2435410/Trials_Of_Randoom/?snr=1_7_7_230_150_3
为了姚 for yao,https://store.steampowered.com/app/3432460/_for_yao/?snr=1_7_7_230_150_3
Una ad Astra,https://store.steampowered.com/app/3292670/Una_ad_Astra/?snr=1_7_7_230_150_3
Wild Rumble,https://store.steampowered.com/app/2004060/Wild_Rumble/?snr=1_7_7_230_150_3
Battle Mayhem,https://store.steampowered.com/app/3441600/Battle_Mayhem/?snr=1_7_7_230_150_3
Heinz Honor and Revenge,https://store.steampowered.com/app/3159740/Heinz_Honor_and_Revenge/?snr=1_7_7_230_150_3
Little Adventurer Treasure Hunt,https://store.steampowered.com/app/3429910/Little_Adventurer_Treasure_Hunt/?snr=1_7_7_230_150_3
Save Me My Hero,https://store.steampowered.com/app/3274350/Save_Me_My_Hero/?snr=1_7_7_230_150_3
TIS 2 - True Idle Simulator 2,https://store.steampowered.com/app/2555060/TIS_2__True_Idle_Simulator_2/?snr=1_7_7_230_150_3
Halfblood: A Quest to Olympus,https://store.steampowered.com/app/2400190/Halfblood_A_Quest_to_Olympus/?snr=1_7_7_230_150_3
Mr. Goofer’s Mini Game Arcade Party!,https://store.steampowered.com/app/3048340/Mr_Goofers_Mini_Game_Arcade_Party/?snr=1_7_7_230_150_3
終わりの鐘が鳴る前に Chapter3,https://store.steampowered.com/app/3382590/_Chapter3/?snr=1_7_7_230_150_3
Boomcestors,https://store.steampowered.com/app/3398070/Boomcestors/?snr=1_7_7_230_150_3
Color Madness,https://store.steampowered.com/app/3460190/Color_Madness/?snr=1_7_7_230_150_3
破晓时分的书信-朝闻篇-,https://store.steampowered.com/app/2689440/_/?snr=1_7_7_230_150_3
Just Eat The Rich,https://store.steampowered.com/app/3213540/Just_Eat_The_Rich/?snr=1_7_7_230_150_3
Satan's Dungeon,https://store.steampowered.com/app/3437110/Satans_Dungeon/?snr=1_7_7_230_150_3
The Catalyst Acolyte Tower Defense,https://store.steampowered.com/app/2889100/The_Catalyst_Acolyte_Tower_Defense/?snr=1_7_7_230_150_3
Neighbors,https://store.steampowered.com/app/2290760/Neighbors/?snr=1_7_7_230_150_3
Back rooms: The old Watcher,https://store.steampowered.com/app/3439820/Back_rooms_The_old_Watcher/?snr=1_7_7_230_150_3
SUNDOWN,https://store.steampowered.com/app/3392130/SUNDOWN/?snr=1_7_7_230_150_3
Shadow Walker,https://store.steampowered.com/app/2874970/Shadow_Walker/?snr=1_7_7_230_150_3
Lords & Blades,https://store.steampowered.com/app/1860490/Lords__Blades/?snr=1_7_7_230_150_3
Together We Play: Help Me Help You,https://store.steampowered.com/app/3404170/Together_We_Play_Help_Me_Help_You/?snr=1_7_7_230_150_3
Gnaw & Order,https://store.steampowered.com/app/3390340/Gnaw__Order/?snr=1_7_7_230_150_3
SPIN Protocol,https://store.steampowered.com/app/3342810/SPIN_Protocol/?snr=1_7_7_230_150_3
Recitallion,https://store.steampowered.com/app/3323310/Recitallion/?snr=1_7_7_230_150_3
Driving Is Hard,https://store.steampowered.com/app/3175860/Driving_Is_Hard/?snr=1_7_7_230_150_3
Take a Walk,https://store.steampowered.com/app/3449100/Take_a_Walk/?snr=1_7_7_230_150_3
Solar Nations 2,https://store.steampowered.com/app/2275440/Solar_Nations_2/?snr=1_7_7_230_150_3
A Taste of History,https://store.steampowered.com/app/2618630/A_Taste_of_History/?snr=1_7_7_230_150_3
Mystic Warfare,https://store.steampowered.com/app/3246110/Mystic_Warfare/?snr=1_7_7_230_150_3
Invertigo,https://store.steampowered.com/app/1659520/Invertigo/?snr=1_7_7_230_150_3
Mountain Legends 5,https://store.steampowered.com/app/3446300/Mountain_Legends_5/?snr=1_7_7_230_150_3
From Zero to Slime Hero,https://store.steampowered.com/app/3397380/From_Zero_to_Slime_Hero/?snr=1_7_7_230_150_3
Коллекция «The Sims™ Наследие»,https://store.steampowered.com/app/3314060/Kollekcziya_The_Sims_Nasledie/?snr=1_7_7_230_150_3
Коллекция «The Sims™ 2 Наследие»,https://store.steampowered.com/app/3314070/Kollekcziya_The_Sims_2_Nasledie/?snr=1_7_7_230_150_3
Campus Legends College Basketball,https://store.steampowered.com/app/3126980/Campus_Legends_College_Basketball/?snr=1_7_7_230_150_4
Genso Manège,https://store.steampowered.com/app/2497670/Genso_Mange/?snr=1_7_7_230_150_4
City of Springs,https://store.steampowered.com/app/1752780/City_of_Springs/?snr=1_7_7_230_150_4
Shawley - Zoo of Wonders,https://store.steampowered.com/app/2898210/Shawley__Zoo_of_Wonders/?snr=1_7_7_230_150_4
Hired 2 Die,https://store.steampowered.com/app/1729140/Hired_2_Die/?snr=1_7_7_230_150_4
My Little Life,https://store.steampowered.com/app/2834600/My_Little_Life/?snr=1_7_7_230_150_4
FlyKnight,https://store.steampowered.com/app/3108510/FlyKnight/?snr=1_7_7_230_150_4
Fearful Obscured Grounds,https://store.steampowered.com/app/3422770/Fearful_Obscured_Grounds/?snr=1_7_7_230_150_4
Heart of the Machine,https://store.steampowered.com/app/2001070/Heart_of_the_Machine/?snr=1_7_7_230_150_4
Нежить Изгнанник,https://store.steampowered.com/app/3435420/Nezhit_Izgnannik/?snr=1_7_7_230_150_4
Fear to Face,https://store.steampowered.com/app/3397810/Fear_to_Face/?snr=1_7_7_230_150_4
Gravity Cab,https://store.steampowered.com/app/2577010/Gravity_Cab/?snr=1_7_7_230_150_4
CrumbleMiner,https://store.steampowered.com/app/2813560/CrumbleMiner/?snr=1_7_7_230_150_4
幻想症 Fantasy illness,https://store.steampowered.com/app/3460020/_Fantasy_illness/?snr=1_7_7_230_150_4
Determine,https://store.steampowered.com/app/3447350/Determine/?snr=1_7_7_230_150_4
妹ーたるサバイバー！,https://store.steampowered.com/app/3394930/_/?snr=1_7_7_230_150_4
Zombie Tide Incoming Final Defense,https://store.steampowered.com/app/3457410/Zombie_Tide_Incoming_Final_Defense/?snr=1_7_7_230_150_4
Titanium Raiders,https://store.steampowered.com/app/3441820/Titanium_Raiders/?snr=1_7_7_230_150_4
Katagiri-san is relying on me,https://store.steampowered.com/app/3331040/Katagirisan_is_relying_on_me/?snr=1_7_7_230_150_4
Alien Frontier,https://store.steampowered.com/app/2330810/Alien_Frontier/?snr=1_7_7_230_150_4
Yet Another Killing Game,https://store.steampowered.com/app/3217970/Yet_Another_Killing_Game/?snr=1_7_7_230_150_4
一剑江湖,https://store.steampowered.com/app/2763640/_/?snr=1_7_7_230_150_4
Regotown,https://store.steampowered.com/app/3454690/Regotown/?snr=1_7_7_230_150_4
Goblins With Guns,https://store.steampowered.com/app/3425600/Goblins_With_Guns/?snr=1_7_7_230_150_4
RBM Studio's Waterloo,https://store.steampowered.com/app/2745380/RBM_Studios_Waterloo/?snr=1_7_7_230_150_4
EPHEMERAL -MINIATURE GARDEN-,https://store.steampowered.com/app/3386250/EPHEMERAL_MINIATURE_GARDEN/?snr=1_7_7_230_150_4
That's Nuts!,https://store.steampowered.com/app/3412280/Thats_Nuts/?snr=1_7_7_230_150_4
Stage Break Idle,https://store.steampowered.com/app/3347210/Stage_Break_Idle/?snr=1_7_7_230_150_4
Dankenstoned’s Bongster’s Gram Smoker’s Stankula,https://store.steampowered.com/app/3362350/Dankenstoneds_Bongsters_Gram_Smokers_Stankula/?snr=1_7_7_230_150_4
Scary Shadow Spot - Bitter Glass,https://store.steampowered.com/app/3354980/Scary_Shadow_Spot__Bitter_Glass/?snr=1_7_7_230_150_4
Articrafty,https://store.steampowered.com/app/3419210/Articrafty/?snr=1_7_7_230_150_4
Скуфы против квадроберов,https://store.steampowered.com/app/3446850/Skufy_protiv_kvadroberov/?snr=1_7_7_230_150_4
Techno Banter,https://store.steampowered.com/app/2348400/Techno_Banter/?snr=1_7_7_230_150_4
LIBRITOPIA: Librarian Simulator,https://store.steampowered.com/app/3372420/LIBRITOPIA_Librarian_Simulator/?snr=1_7_7_230_150_4
DEAD LETTER DEPT.,https://store.steampowered.com/app/1627350/DEAD_LETTER_DEPT/?snr=1_7_7_230_150_4
SWIFT STRIDERS PARKOUR,https://store.steampowered.com/app/3341100/SWIFT_STRIDERS_PARKOUR/?snr=1_7_7_230_150_4
Hispania,https://store.steampowered.com/app/1963420/Hispania/?snr=1_7_7_230_150_4
Chaos Faction Legacy Collection,https://store.steampowered.com/app/3038340/Chaos_Faction_Legacy_Collection/?snr=1_7_7_230_150_4
Luminatory,https://store.steampowered.com/app/3385260/Luminatory/?snr=1_7_7_230_150_4
Tiny Kingdom,https://store.steampowered.com/app/2438260/Tiny_Kingdom/?snr=1_7_7_230_150_4
Indicate,https://store.steampowered.com/app/3459680/Indicate/?snr=1_7_7_230_150_4
Pizza Rogue: P.P.M.P.D.E.S.,https://store.steampowered.com/app/3323710/Pizza_Rogue_PPMPDES/?snr=1_7_7_230_150_4
Stronghold: Caverns of Sorcery,https://store.steampowered.com/app/3374950/Stronghold_Caverns_of_Sorcery/?snr=1_7_7_230_150_4
Sniper Elite: Resistance,https://store.steampowered.com/app/2169200/Sniper_Elite_Resistance/?snr=1_7_7_230_150_4
Accolade Sports Collection (QUByte Classics),https://store.steampowered.com/app/3310260/Accolade_Sports_Collection_QUByte_Classics/?snr=1_7_7_230_150_4
Au Revoir,https://store.steampowered.com/app/3079600/Au_Revoir/?snr=1_7_7_230_150_4
SeaLion Flying,https://store.steampowered.com/app/3432640/SeaLion_Flying/?snr=1_7_7_230_150_4
PRONG,https://store.steampowered.com/app/3443420/PRONG/?snr=1_7_7_230_150_4
A Happy Place,https://store.steampowered.com/app/3433700/A_Happy_Place/?snr=1_7_7_230_150_4
Euphionia: The Tree Spirit's Curse,https://store.steampowered.com/app/3442010/Euphionia_The_Tree_Spirits_Curse/?snr=1_7_7_230_150_4
Hello Kitty Island Adventure,https://store.steampowered.com/app/2495100/Hello_Kitty_Island_Adventure/?snr=1_7_7_230_150_5
The Escape Room Chronicles ep2:The Old School Building,https://store.steampowered.com/app/3246240/The_Escape_Room_Chronicles_ep2The_Old_School_Building/?snr=1_7_7_230_150_5
Quantum Odyssey,https://store.steampowered.com/app/2802710/Quantum_Odyssey/?snr=1_7_7_230_150_5
Combo All The Time,https://store.steampowered.com/app/3037390/Combo_All_The_Time/?snr=1_7_7_230_150_5
Phonetics‌,https://store.steampowered.com/app/3450690/Phonetics/?snr=1_7_7_230_150_5
カードファイト!! ヴァンガード ディアデイズ2,https://store.steampowered.com/app/2457540/__2/?snr=1_7_7_230_150_5
Nine Minute Mayhem,https://store.steampowered.com/app/3397670/Nine_Minute_Mayhem/?snr=1_7_7_230_150_5
TOP DOG,https://store.steampowered.com/app/1979410/TOP_DOG/?snr=1_7_7_230_150_5
Hidden Cats - Spring Festival,https://store.steampowered.com/app/3293970/Hidden_Cats__Spring_Festival/?snr=1_7_7_230_150_5
Tasks for Two,https://store.steampowered.com/app/3393690/Tasks_for_Two/?snr=1_7_7_230_150_5
Cozy Campzone,https://store.steampowered.com/app/2965730/Cozy_Campzone/?snr=1_7_7_230_150_5
Smol Survivors,https://store.steampowered.com/app/3007290/Smol_Survivors/?snr=1_7_7_230_150_5
The End of the Sun,https://store.steampowered.com/app/912840/The_End_of_the_Sun/?snr=1_7_7_230_150_5
The Kaiyo Mission,https://store.steampowered.com/app/2248280/The_Kaiyo_Mission/?snr=1_7_7_230_150_5
Coridden,https://store.steampowered.com/app/1656930/Coridden/?snr=1_7_7_230_150_5
DeTechtive 2112,https://store.steampowered.com/app/2808800/DeTechtive_2112/?snr=1_7_7_230_150_5
POLARIS™ - ПОЛЯРИС™,https://store.steampowered.com/app/2482850/POLARIS__POLYARIS/?snr=1_7_7_230_150_5
Achilles: Survivor,https://store.steampowered.com/app/2922410/Achilles_Survivor/?snr=1_7_7_230_150_5
KAMiBAKO - Mythology of Cube -,https://store.steampowered.com/app/2081340/KAMiBAKO__Mythology_of_Cube/?snr=1_7_7_230_150_5
Ropuka's Idle Island,https://store.steampowered.com/app/3416070/Ropukas_Idle_Island/?snr=1_7_7_230_150_5
Mutation,https://store.steampowered.com/app/2945880/Mutation/?snr=1_7_7_230_150_5
吞食天地之乱舞三国,https://store.steampowered.com/app/3418930/_/?snr=1_7_7_230_150_5
Mistress Of The Tower,https://store.steampowered.com/app/3409270/Mistress_Of_The_Tower/?snr=1_7_7_230_150_5
HexaScape: Cyber Defense,https://store.steampowered.com/app/2647510/HexaScape_Cyber_Defense/?snr=1_7_7_230_150_5
Back Alley Darts,https://store.steampowered.com/app/3266350/Back_Alley_Darts/?snr=1_7_7_230_150_5
Kiosk,https://store.steampowered.com/app/3126330/Kiosk/?snr=1_7_7_230_150_5
SQUASER 3,https://store.steampowered.com/app/3453390/SQUASER_3/?snr=1_7_7_230_150_5
Agent Fall,https://store.steampowered.com/app/3220110/Agent_Fall/?snr=1_7_7_230_150_5
Army of Tentacles: Assault on Rainbow Unicorn Island,https://store.steampowered.com/app/1877720/Army_of_Tentacles_Assault_on_Rainbow_Unicorn_Island/?snr=1_7_7_230_150_5
City Transport Simulator: Tram,https://store.steampowered.com/app/2604480/City_Transport_Simulator_Tram/?snr=1_7_7_230_150_5
Journey to the Dao,https://store.steampowered.com/app/3298960/Journey_to_the_Dao/?snr=1_7_7_230_150_5
Cosmic Raze,https://store.steampowered.com/app/3129720/Cosmic_Raze/?snr=1_7_7_230_150_5
The Stone of Madness,https://store.steampowered.com/app/1309710/The_Stone_of_Madness/?snr=1_7_7_230_150_5
Little Lighthouse of Horror,https://store.steampowered.com/app/3231960/Little_Lighthouse_of_Horror/?snr=1_7_7_230_150_5
执念,https://store.steampowered.com/app/3333340/_/?snr=1_7_7_230_150_5
Exogate Initiative,https://store.steampowered.com/app/1681060/Exogate_Initiative/?snr=1_7_7_230_150_5
Beat the Humans,https://store.steampowered.com/app/2316930/Beat_the_Humans/?snr=1_7_7_230_150_5
Mysteries of Perception,https://store.steampowered.com/app/3034580/Mysteries_of_Perception/?snr=1_7_7_230_150_5
The Night Shift,https://store.steampowered.com/app/3400090/The_Night_Shift/?snr=1_7_7_230_150_5
逃离感化院 The Reformatory,https://store.steampowered.com/app/3421560/_The_Reformatory/?snr=1_7_7_230_150_5
Card Memory,https://store.steampowered.com/app/3426160/Card_Memory/?snr=1_7_7_230_150_5
NYXverse.AI,https://store.steampowered.com/app/3391170/NYXverseAI/?snr=1_7_7_230_150_5
Загадки Мифов: Сердце Афин Коллекционное издание,https://store.steampowered.com/app/3411580/Zagadki_Mifov_Serdcze_Afin_Kollekczionnoe_izdanie/?snr=1_7_7_230_150_5
Galactic Simulator,https://store.steampowered.com/app/3313930/Galactic_Simulator/?snr=1_7_7_230_150_5
Can No One Hear Me?,https://store.steampowered.com/app/3442890/Can_No_One_Hear_Me/?snr=1_7_7_230_150_5
SuperCowBoy,https://store.steampowered.com/app/3436980/SuperCowBoy/?snr=1_7_7_230_150_5
Garbage Packer,https://store.steampowered.com/app/3219550/Garbage_Packer/?snr=1_7_7_230_150_5
G-MODEアーカイブス+ 探偵・癸生川凌介事件譚 Vol.16「淡雪は緋の哀しみ」,https://store.steampowered.com/app/3426030/GMODE__Vol16/?snr=1_7_7_230_150_5
Battle Realms: Zen Edition,https://store.steampowered.com/app/1025600/Battle_Realms_Zen_Edition/?snr=1_7_7_230_150_5
Unreachable,https://store.steampowered.com/app/2487620/Unreachable/?snr=1_7_7_230_150_5
School Fighter,https://store.steampowered.com/app/3217440/School_Fighter/?snr=1_7_7_230_150_6
IN THE FACADE WE TRUST™,https://store.steampowered.com/app/3264050/IN_THE_FACADE_WE_TRUST/?snr=1_7_7_230_150_6
Back in Service: a Metro Driver,https://store.steampowered.com/app/3331320/Back_in_Service_a_Metro_Driver/?snr=1_7_7_230_150_6
Space Engineers 2,https://store.steampowered.com/app/1133870/Space_Engineers_2/?snr=1_7_7_230_150_6
Dying Light,https://store.steampowered.com/app/239140/Dying_Light/?snr=1_7_7_230_150_6
Camping Simulator: The Squad,https://store.steampowered.com/app/1562260/Camping_Simulator_The_Squad/?snr=1_7_7_230_150_6
SCP: Fragmented Minds,https://store.steampowered.com/app/1184790/SCP_Fragmented_Minds/?snr=1_7_7_230_150_6
Virtua Fighter 5 R.E.V.O.,https://store.steampowered.com/app/3112260/Virtua_Fighter_5_REVO/?snr=1_7_7_230_150_6
The SS Destiny Disaster,https://store.steampowered.com/app/3197230/The_SS_Destiny_Disaster/?snr=1_7_7_230_150_6
Learning Factory,https://store.steampowered.com/app/1150090/Learning_Factory/?snr=1_7_7_230_150_6
Those Who Rule,https://store.steampowered.com/app/1822060/Those_Who_Rule/?snr=1_7_7_230_150_6
Renounced,https://store.steampowered.com/app/3428860/Renounced/?snr=1_7_7_230_150_6
Arrogue,https://store.steampowered.com/app/2785570/Arrogue/?snr=1_7_7_230_150_6
Besotted,https://store.steampowered.com/app/2920790/Besotted/?snr=1_7_7_230_150_6
Automatic Battle:Galaxy General,https://store.steampowered.com/app/3434150/Automatic_BattleGalaxy_General/?snr=1_7_7_230_150_6
Circuit Runner,https://store.steampowered.com/app/1650600/Circuit_Runner/?snr=1_7_7_230_150_6
POGO Epoch: Impossible 99%,https://store.steampowered.com/app/3409720/POGO_Epoch_Impossible_99/?snr=1_7_7_230_150_6
Claritas - Dungeon Crawler RPG,https://store.steampowered.com/app/3206870/Claritas__Dungeon_Crawler_RPG/?snr=1_7_7_230_150_6
BlockWorld Ai,https://store.steampowered.com/app/3010030/BlockWorld_Ai/?snr=1_7_7_230_150_6
60 BPM,https://store.steampowered.com/app/3222860/60_BPM/?snr=1_7_7_230_150_6
Undead Desert Massacre,https://store.steampowered.com/app/3429860/Undead_Desert_Massacre/?snr=1_7_7_230_150_6
挂机修仙之我能合成功法！,https://store.steampowered.com/app/2474800/_/?snr=1_7_7_230_150_6
幻兽纸牌,https://store.steampowered.com/app/2983540/_/?snr=1_7_7_230_150_6
Knights of the Round Peg,https://store.steampowered.com/app/2299460/Knights_of_the_Round_Peg/?snr=1_7_7_230_150_6
"You Draw, I Guess",https://store.steampowered.com/app/2688400/You_Draw_I_Guess/?snr=1_7_7_230_150_6
Extreme Cycling,https://store.steampowered.com/app/3400360/Extreme_Cycling/?snr=1_7_7_230_150_6
Fantasy Tower Defense,https://store.steampowered.com/app/3434740/Fantasy_Tower_Defense/?snr=1_7_7_230_150_6
Laundry Room Dilemma,https://store.steampowered.com/app/3233770/Laundry_Room_Dilemma/?snr=1_7_7_230_150_6
剑心崛起,https://store.steampowered.com/app/2873100/_/?snr=1_7_7_230_150_6
Goppy,https://store.steampowered.com/app/3366120/Goppy/?snr=1_7_7_230_150_6
Aconitum,https://store.steampowered.com/app/3379270/Aconitum/?snr=1_7_7_230_150_6
Deathrun,https://store.steampowered.com/app/3312530/Deathrun/?snr=1_7_7_230_150_6
SAE,https://store.steampowered.com/app/2669950/SAE/?snr=1_7_7_230_150_6
Datura Time,https://store.steampowered.com/app/2425360/Datura_Time/?snr=1_7_7_230_150_6
UFO BLAST,https://store.steampowered.com/app/2835250/UFO_BLAST/?snr=1_7_7_230_150_6
Summer Islands,https://store.steampowered.com/app/731650/Summer_Islands/?snr=1_7_7_230_150_6
Alacrity,https://store.steampowered.com/app/3447340/Alacrity/?snr=1_7_7_230_150_6
Steeplejack,https://store.steampowered.com/app/3430790/Steeplejack/?snr=1_7_7_230_150_6
Девочка Экзорцист в Метро,https://store.steampowered.com/app/3263210/Devochka_Ekzorczist_v_Metro/?snr=1_7_7_230_150_6
Strangler,https://store.steampowered.com/app/3249320/Strangler/?snr=1_7_7_230_150_6
NUSNUR,https://store.steampowered.com/app/2266500/NUSNUR/?snr=1_7_7_230_150_6
"STAND: Survive, Team-up, And Never Die",https://store.steampowered.com/app/3285360/STAND_Survive_Teamup_And_Never_Die/?snr=1_7_7_230_150_6
Rome: Nightmares of Empire,https://store.steampowered.com/app/3408580/Rome_Nightmares_of_Empire/?snr=1_7_7_230_150_6
Benign Land,https://store.steampowered.com/app/3345970/Benign_Land/?snr=1_7_7_230_150_6
Awakening Sarah,https://store.steampowered.com/app/2505210/Awakening_Sarah/?snr=1_7_7_230_150_6
Mark of the Deep,https://store.steampowered.com/app/1933370/Mark_of_the_Deep/?snr=1_7_7_230_150_6
DON'T GET GOT,https://store.steampowered.com/app/3467390/DONT_GET_GOT/?snr=1_7_7_230_150_6
The motel,https://store.steampowered.com/app/2829450/The_motel/?snr=1_7_7_230_150_6
Isla de la Muerte,https://store.steampowered.com/app/3382410/Isla_de_la_Muerte/?snr=1_7_7_230_150_6
Shadow Survival,https://store.steampowered.com/app/2051870/Shadow_Survival/?snr=1_7_7_230_150_6
After He Was Gone,https://store.steampowered.com/app/1984200/After_He_Was_Gone/?snr=1_7_7_230_150_7
Snowscape,https://store.steampowered.com/app/3404630/Snowscape/?snr=1_7_7_230_150_7
Lord of the Click 5,https://store.steampowered.com/app/3442140/Lord_of_the_Click_5/?snr=1_7_7_230_150_7
POOBO,https://store.steampowered.com/app/2989730/POOBO/?snr=1_7_7_230_150_7
3D Raid River,https://store.steampowered.com/app/3420960/3D_Raid_River/?snr=1_7_7_230_150_7
Паркур-Ассасин: Спринт-Бег,https://store.steampowered.com/app/3399700/ParkurAssasin_SprintBeg/?snr=1_7_7_230_150_7
The Quinfall,https://store.steampowered.com/app/2294660/The_Quinfall/?snr=1_7_7_230_150_7
VersionThree : INVISIBLE RAID,https://store.steampowered.com/app/2509800/VersionThree__INVISIBLE_RAID/?snr=1_7_7_230_150_7
Pinball Neon,https://store.steampowered.com/app/3209450/Pinball_Neon/?snr=1_7_7_230_150_7
POPOPOSAN,https://store.steampowered.com/app/3429500/POPOPOSAN/?snr=1_7_7_230_150_7
小小侠客模拟器,https://store.steampowered.com/app/3395140/_/?snr=1_7_7_230_150_7
One Room Dungeon,https://store.steampowered.com/app/3065810/One_Room_Dungeon/?snr=1_7_7_230_150_7
/R,https://store.steampowered.com/app/3396850/R/?snr=1_7_7_230_150_7
Apple Man,https://store.steampowered.com/app/3419770/Apple_Man/?snr=1_7_7_230_150_7
Cursed Feed,https://store.steampowered.com/app/3405400/Cursed_Feed/?snr=1_7_7_230_150_7
Pirates Never Die,https://store.steampowered.com/app/3277140/Pirates_Never_Die/?snr=1_7_7_230_150_7
Re-Mind,https://store.steampowered.com/app/3297240/ReMind/?snr=1_7_7_230_150_7
ORBITAL BATTLE,https://store.steampowered.com/app/3360660/ORBITAL_BATTLE/?snr=1_7_7_230_150_7
Defense Builder,https://store.steampowered.com/app/3175670/Defense_Builder/?snr=1_7_7_230_150_7
Dragon Takers,https://store.steampowered.com/app/3042470/Dragon_Takers/?snr=1_7_7_230_150_7
Exterminators of Saturn,https://store.steampowered.com/app/2413220/Exterminators_of_Saturn/?snr=1_7_7_230_150_7
SYNDUALITY Echo of Ada,https://store.steampowered.com/app/1245480/SYNDUALITY_Echo_of_Ada/?snr=1_7_7_230_150_7
AI2U-With You ‘Til The End,https://store.steampowered.com/app/2880730/AI2UWith_You_Til_The_End/?snr=1_7_7_230_150_7
Tales Beyond The Tomb - The Last Vigil,https://store.steampowered.com/app/3416690/Tales_Beyond_The_Tomb__The_Last_Vigil/?snr=1_7_7_230_150_7
Hunter Moonstrike : Ai NPCs version,https://store.steampowered.com/app/3376430/Hunter_Moonstrike__Ai_NPCs_version/?snr=1_7_7_230_150_7
"Mysterious Mystery, EP 1: The Duo Dilemma",https://store.steampowered.com/app/2595140/Mysterious_Mystery_EP_1_The_Duo_Dilemma/?snr=1_7_7_230_150_7
Airships: Lost Flotilla,https://store.steampowered.com/app/2858150/Airships_Lost_Flotilla/?snr=1_7_7_230_150_7
Chaos Express: Delivery Simulator,https://store.steampowered.com/app/2818480/Chaos_Express_Delivery_Simulator/?snr=1_7_7_230_150_7
Knight's Night!,https://store.steampowered.com/app/3317530/Knights_Night/?snr=1_7_7_230_150_7
Rocket Boots Mania,https://store.steampowered.com/app/942200/Rocket_Boots_Mania/?snr=1_7_7_230_150_7
Dead of Darkness,https://store.steampowered.com/app/2157210/Dead_of_Darkness/?snr=1_7_7_230_150_7
Just Move:Clean City Messy Battle,https://store.steampowered.com/app/3414900/Just_MoveClean_City_Messy_Battle/?snr=1_7_7_230_150_7
Legends of Savvarah: Children of the Sun,https://store.steampowered.com/app/2416490/Legends_of_Savvarah_Children_of_the_Sun/?snr=1_7_7_230_150_7
Butcher's Creek,https://store.steampowered.com/app/2512560/Butchers_Creek/?snr=1_7_7_230_150_7
Infest,https://store.steampowered.com/app/2341560/Infest/?snr=1_7_7_230_150_7
Unaccessible,https://store.steampowered.com/app/3419670/Unaccessible/?snr=1_7_7_230_150_7
Horizons: The End Of Words,https://store.steampowered.com/app/3230280/Horizons_The_End_Of_Words/?snr=1_7_7_230_150_7
STAR WARS™: Episode I: Jedi Power Battles™,https://store.steampowered.com/app/2443630/STAR_WARS_Episode_I_Jedi_Power_Battles/?snr=1_7_7_230_150_7
Wren's Resurgence,https://store.steampowered.com/app/2728260/Wrens_Resurgence/?snr=1_7_7_230_150_7
FINAL FANTASY VII REBIRTH,https://store.steampowered.com/app/2909400/FINAL_FANTASY_VII_REBIRTH/?snr=1_7_7_230_150_7
Farmyard Pals Jigsaw Puzzles,https://store.steampowered.com/app/3427700/Farmyard_Pals_Jigsaw_Puzzles/?snr=1_7_7_230_150_7
Greed Stays Home,https://store.steampowered.com/app/3200460/Greed_Stays_Home/?snr=1_7_7_230_150_7
Bananitro,https://store.steampowered.com/app/3141340/Bananitro/?snr=1_7_7_230_150_7
A Butterfly,https://store.steampowered.com/app/3439300/A_Butterfly/?snr=1_7_7_230_150_7
Dump of the Dead X,https://store.steampowered.com/app/3428850/Dump_of_the_Dead_X/?snr=1_7_7_230_150_7
Mandragora Seeker in the CREEP ZONE,https://store.steampowered.com/app/3427650/Mandragora_Seeker_in_the_CREEP_ZONE/?snr=1_7_7_230_150_7
Sword of the Necromancer: Resurrection,https://store.steampowered.com/app/2782880/Sword_of_the_Necromancer_Resurrection/?snr=1_7_7_230_150_7
灾厄黑龙与谎言公主,https://store.steampowered.com/app/2850190/_/?snr=1_7_7_230_150_7
翻滚外星人 Rollover Alien,https://store.steampowered.com/app/3439580/_Rollover_Alien/?snr=1_7_7_230_150_7
Casino Simulator 2024,https://store.steampowered.com/app/2836450/Casino_Simulator_2024/?snr=1_7_7_230_150_7
Tokyo Xtreme Racer,https://store.steampowered.com/app/2634950/Tokyo_Xtreme_Racer/?snr=1_7_7_230_150_8
Mercenaries Lament: Requiem of the Silver Wolf,https://store.steampowered.com/app/2321040/Mercenaries_Lament_Requiem_of_the_Silver_Wolf/?snr=1_7_7_230_150_8
Rusty Dudes,https://store.steampowered.com/app/3164830/Rusty_Dudes/?snr=1_7_7_230_150_8
すてきなプリンワールドDX,https://store.steampowered.com/app/3428100/DX/?snr=1_7_7_230_150_8
StompyBoy,https://store.steampowered.com/app/3433880/StompyBoy/?snr=1_7_7_230_150_8
Darke: Haunting Hours,https://store.steampowered.com/app/3372010/Darke_Haunting_Hours/?snr=1_7_7_230_150_8
Ekorella Vol 1,https://store.steampowered.com/app/1387650/Ekorella_Vol_1/?snr=1_7_7_230_150_8
Border Town,https://store.steampowered.com/app/1967820/Border_Town/?snr=1_7_7_230_150_8
Astro Defender,https://store.steampowered.com/app/3430140/Astro_Defender/?snr=1_7_7_230_150_8
Mika and The Witch's Mountain,https://store.steampowered.com/app/1819460/Mika_and_The_Witchs_Mountain/?snr=1_7_7_230_150_8
Rally Mechanic Simulator,https://store.steampowered.com/app/1588090/Rally_Mechanic_Simulator/?snr=1_7_7_230_150_8
Merge Guard,https://store.steampowered.com/app/3439510/Merge_Guard/?snr=1_7_7_230_150_8
Supermarket Bash,https://store.steampowered.com/app/2477280/Supermarket_Bash/?snr=1_7_7_230_150_8
"The Legend of Heroes: Kai no Kiseki -Farewell, O Zemuria-",https://store.steampowered.com/app/3319980/The_Legend_of_Heroes_Kai_no_Kiseki_Farewell_O_Zemuria/?snr=1_7_7_230_150_8
ENDER MAGNOLIA: Bloom in the Mist,https://store.steampowered.com/app/2725260/ENDER_MAGNOLIA_Bloom_in_the_Mist/?snr=1_7_7_230_150_8
Scary World,https://store.steampowered.com/app/3416560/Scary_World/?snr=1_7_7_230_150_8
Skills and Slimes,https://store.steampowered.com/app/3423500/Skills_and_Slimes/?snr=1_7_7_230_150_8
Triptych Book I: Blockhead,https://store.steampowered.com/app/2928220/Triptych_Book_I_Blockhead/?snr=1_7_7_230_150_8
poker dungeon,https://store.steampowered.com/app/2909050/poker_dungeon/?snr=1_7_7_230_150_8
No Name Game,https://store.steampowered.com/app/3239900/No_Name_Game/?snr=1_7_7_230_150_8
Sungka,https://store.steampowered.com/app/3383820/Sungka/?snr=1_7_7_230_150_8
Demon Town Maker,https://store.steampowered.com/app/3425850/Demon_Town_Maker/?snr=1_7_7_230_150_8
Shalnor: Silverwind Saga,https://store.steampowered.com/app/2907050/Shalnor_Silverwind_Saga/?snr=1_7_7_230_150_8
Кровосмесительный роман,https://store.steampowered.com/app/3421500/Krovosmesitelnyj_roman/?snr=1_7_7_230_150_8
Liminal Spaces: Outside The Backrooms,https://store.steampowered.com/app/3417930/Liminal_Spaces_Outside_The_Backrooms/?snr=1_7_7_230_150_8
Investigating Alien Cats 调查外星猫,https://store.steampowered.com/app/3426330/Investigating_Alien_Cats/?snr=1_7_7_230_150_8
走亲戚大作战,https://store.steampowered.com/app/3007490/_/?snr=1_7_7_230_150_8
机器人大战蜘蛛,https://store.steampowered.com/app/3391620/_/?snr=1_7_7_230_150_8
Whitty Bird,https://store.steampowered.com/app/3428640/Whitty_Bird/?snr=1_7_7_230_150_8
Owl Shooter,https://store.steampowered.com/app/3428700/Owl_Shooter/?snr=1_7_7_230_150_8
Hit Monkey,https://store.steampowered.com/app/3428660/Hit_Monkey/?snr=1_7_7_230_150_8
夏末白夜,https://store.steampowered.com/app/2538910/_/?snr=1_7_7_230_150_8
TRS22 Model Railroaders Edition,https://store.steampowered.com/app/2743520/TRS22_Model_Railroaders_Edition/?snr=1_7_7_230_150_8
Chicken Defense War - Tower Defense,https://store.steampowered.com/app/3149250/Chicken_Defense_War__Tower_Defense/?snr=1_7_7_230_150_8
DOKAPON ~Sword of Fury~,https://store.steampowered.com/app/3077020/DOKAPON_Sword_of_Fury/?snr=1_7_7_230_150_8
我的一个多重人格朋友,https://store.steampowered.com/app/1000050/_/?snr=1_7_7_230_150_8
The Shell Part III: Paradiso,https://store.steampowered.com/app/3296790/The_Shell_Part_III_Paradiso/?snr=1_7_7_230_150_8
Tablets of Power,https://store.steampowered.com/app/3318330/Tablets_of_Power/?snr=1_7_7_230_150_8
Code Alkonost: Awakening of Evil,https://store.steampowered.com/app/2062030/Code_Alkonost_Awakening_of_Evil/?snr=1_7_7_230_150_8
The Outer Side,https://store.steampowered.com/app/3420840/The_Outer_Side/?snr=1_7_7_230_150_8
Slime Climb,https://store.steampowered.com/app/3431030/Slime_Climb/?snr=1_7_7_230_150_8
Christmas Stories: Clara and the Guiding Star Collector's Edition,https://store.steampowered.com/app/3469570/Christmas_Stories_Clara_and_the_Guiding_Star_Collectors_Edition/?snr=1_7_7_230_150_8
Dad's Coming,https://store.steampowered.com/app/1527350/Dads_Coming/?snr=1_7_7_230_150_8
Blazing Trail,https://store.steampowered.com/app/2825560/Blazing_Trail/?snr=1_7_7_230_150_8
Godly Survivors,https://store.steampowered.com/app/2625680/Godly_Survivors/?snr=1_7_7_230_150_8
Vambrace: Dungeon Monarch,https://store.steampowered.com/app/2753600/Vambrace_Dungeon_Monarch/?snr=1_7_7_230_150_8
Oracle of Meles,https://store.steampowered.com/app/2779160/Oracle_of_Meles/?snr=1_7_7_230_150_8
Kunoichi Beat,https://store.steampowered.com/app/3387990/Kunoichi_Beat/?snr=1_7_7_230_150_8
Miko Funk,https://store.steampowered.com/app/3388000/Miko_Funk/?snr=1_7_7_230_150_8
Pocket Lint,https://store.steampowered.com/app/3433730/Pocket_Lint/?snr=1_7_7_230_150_8
Somber Echoes,https://store.steampowered.com/app/1299290/Somber_Echoes/?snr=1_7_7_230_150_9
Lonely Mountains: Snow Riders,https://store.steampowered.com/app/2545360/Lonely_Mountains_Snow_Riders/?snr=1_7_7_230_150_9
Minidinos,https://store.steampowered.com/app/3416180/Minidinos/?snr=1_7_7_230_150_9
The Accuser and The Abyss,https://store.steampowered.com/app/3356290/The_Accuser_and_The_Abyss/?snr=1_7_7_230_150_9
迫降Landing,https://store.steampowered.com/app/3420490/Landing/?snr=1_7_7_230_150_9
《道格拉斯警督的日记》,https://store.steampowered.com/app/3177200/_/?snr=1_7_7_230_150_9
Matchmaking Inc.,https://store.steampowered.com/app/2103130/Matchmaking_Inc/?snr=1_7_7_230_150_9
The Killer Pass: Season 1,https://store.steampowered.com/app/3411030/The_Killer_Pass_Season_1/?snr=1_7_7_230_150_9
MISTERY,https://store.steampowered.com/app/2537010/MISTERY/?snr=1_7_7_230_150_9
So Much Stuff 5: Mix-Knacks,https://store.steampowered.com/app/2710050/So_Much_Stuff_5_MixKnacks/?snr=1_7_7_230_150_9
稻草启世录,https://store.steampowered.com/app/2607160/_/?snr=1_7_7_230_150_9
SACRIFICE VILLAINS,https://store.steampowered.com/app/3137110/SACRIFICE_VILLAINS/?snr=1_7_7_230_150_9
THE DARK SIDE OF CECLON,https://store.steampowered.com/app/1467090/THE_DARK_SIDE_OF_CECLON/?snr=1_7_7_230_150_9
Warlords Under Siege,https://store.steampowered.com/app/2091500/Warlords_Under_Siege/?snr=1_7_7_230_150_9
Settlements Rising,https://store.steampowered.com/app/2378910/Settlements_Rising/?snr=1_7_7_230_150_9
DEEP IN THE DREAD,https://store.steampowered.com/app/3323770/DEEP_IN_THE_DREAD/?snr=1_7_7_230_150_9
Hayden's Odyssey,https://store.steampowered.com/app/3405050/Haydens_Odyssey/?snr=1_7_7_230_150_9
Yield! Fall of Rome,https://store.steampowered.com/app/1561960/Yield_Fall_of_Rome/?snr=1_7_7_230_150_9
IDUN,https://store.steampowered.com/app/2186360/IDUN/?snr=1_7_7_230_150_9
Escape from the Nursing Home,https://store.steampowered.com/app/2516870/Escape_from_the_Nursing_Home/?snr=1_7_7_230_150_9
Stickman Adventures,https://store.steampowered.com/app/3430550/Stickman_Adventures/?snr=1_7_7_230_150_9
WonderLang French,https://store.steampowered.com/app/3035140/WonderLang_French/?snr=1_7_7_230_150_9
Street Crime Mission,https://store.steampowered.com/app/3401880/Street_Crime_Mission/?snr=1_7_7_230_150_9
メアリウム,https://store.steampowered.com/app/3428180/_/?snr=1_7_7_230_150_9
Pairs & Perils,https://store.steampowered.com/app/3179860/Pairs__Perils/?snr=1_7_7_230_150_9
Chinese Chess - Xiangqi,https://store.steampowered.com/app/3430880/Chinese_Chess__Xiangqi/?snr=1_7_7_230_150_9
Government Contractors: Arms of Influence,https://store.steampowered.com/app/3357570/Government_Contractors_Arms_of_Influence/?snr=1_7_7_230_150_9
Too Tired To Die,https://store.steampowered.com/app/3078920/Too_Tired_To_Die/?snr=1_7_7_230_150_9
City of Graves,https://store.steampowered.com/app/2707240/City_of_Graves/?snr=1_7_7_230_150_9
Dark Umbra,https://store.steampowered.com/app/2862620/Dark_Umbra/?snr=1_7_7_230_150_9
Dungeon Slide,https://store.steampowered.com/app/3415390/Dungeon_Slide/?snr=1_7_7_230_150_9
Together After Dark,https://store.steampowered.com/app/2708790/Together_After_Dark/?snr=1_7_7_230_150_9
ThroneForge - The Fortress War,https://store.steampowered.com/app/2692040/ThroneForge__The_Fortress_War/?snr=1_7_7_230_150_9
Shadow Baptism,https://store.steampowered.com/app/3359430/Shadow_Baptism/?snr=1_7_7_230_150_9
LYMBUS,https://store.steampowered.com/app/2683590/LYMBUS/?snr=1_7_7_230_150_9
Animal Planet,https://store.steampowered.com/app/3426200/Animal_Planet/?snr=1_7_7_230_150_9
Entities,https://store.steampowered.com/app/2536500/Entities/?snr=1_7_7_230_150_9
Obstacle Sprint,https://store.steampowered.com/app/3353120/Obstacle_Sprint/?snr=1_7_7_230_150_9
King of Hoops,https://store.steampowered.com/app/3312700/King_of_Hoops/?snr=1_7_7_230_150_9
Bulletproof Tank Adventure,https://store.steampowered.com/app/3337110/Bulletproof_Tank_Adventure/?snr=1_7_7_230_150_9
Everfall 1999,https://store.steampowered.com/app/3418300/Everfall_1999/?snr=1_7_7_230_150_9
JOY OF PROGRAMMING - Software Engineering Simulator,https://store.steampowered.com/app/2216770/JOY_OF_PROGRAMMING__Software_Engineering_Simulator/?snr=1_7_7_230_150_9
Chicken Maze,https://store.steampowered.com/app/3422620/Chicken_Maze/?snr=1_7_7_230_150_9
Snake Eat Chicken,https://store.steampowered.com/app/3422630/Snake_Eat_Chicken/?snr=1_7_7_230_150_9
Reverie Shift,https://store.steampowered.com/app/3346240/Reverie_Shift/?snr=1_7_7_230_150_9
From The Past,https://store.steampowered.com/app/3342650/From_The_Past/?snr=1_7_7_230_150_9
Anime Jigsaw,https://store.steampowered.com/app/3372720/Anime_Jigsaw/?snr=1_7_7_230_150_9
Backrooms: New Gate,https://store.steampowered.com/app/3301970/Backrooms_New_Gate/?snr=1_7_7_230_150_9
Crazy Islands,https://store.steampowered.com/app/3075370/Crazy_Islands/?snr=1_7_7_230_150_9
Skystead Ranch,https://store.steampowered.com/app/2399570/Skystead_Ranch/?snr=1_7_7_230_150_9
Fork-U Forklift Simulator,https://store.steampowered.com/app/3220300/ForkU_Forklift_Simulator/?snr=1_7_7_230_150_10
Asterism,https://store.steampowered.com/app/2187450/Asterism/?snr=1_7_7_230_150_10
Last Train Outta' Wormtown,https://store.steampowered.com/app/2318480/Last_Train_Outta_Wormtown/?snr=1_7_7_230_150_10
Find All Things,https://store.steampowered.com/app/3093230/Find_All_Things/?snr=1_7_7_230_150_10
Diddy,https://store.steampowered.com/app/3272140/Diddy/?snr=1_7_7_230_150_10
Figure Skating Legends,https://store.steampowered.com/app/3357130/Figure_Skating_Legends/?snr=1_7_7_230_150_10
Saber Survivors,https://store.steampowered.com/app/3116810/Saber_Survivors/?snr=1_7_7_230_150_10
Cacotopia,https://store.steampowered.com/app/3310320/Cacotopia/?snr=1_7_7_230_150_10
Casino Heist: Aruba,https://store.steampowered.com/app/3386480/Casino_Heist_Aruba/?snr=1_7_7_230_150_10
Tigershark,https://store.steampowered.com/app/3254250/Tigershark/?snr=1_7_7_230_150_10
Breakout,https://store.steampowered.com/app/2952480/Breakout/?snr=1_7_7_230_150_10
Monster Meals,https://store.steampowered.com/app/3021850/Monster_Meals/?snr=1_7_7_230_150_10
Takara Cards,https://store.steampowered.com/app/1932210/Takara_Cards/?snr=1_7_7_230_150_10
Newton's Fourth Law,https://store.steampowered.com/app/3023490/Newtons_Fourth_Law/?snr=1_7_7_230_150_10
Chase,https://store.steampowered.com/app/2449720/Chase/?snr=1_7_7_230_150_10
War of Resistance,https://store.steampowered.com/app/1870200/War_of_Resistance/?snr=1_7_7_230_150_10
本草归元录,https://store.steampowered.com/app/3014680/_/?snr=1_7_7_230_150_10
恐龙岛(巨兽岛),https://store.steampowered.com/app/3139890/_/?snr=1_7_7_230_150_10
RIFA,https://store.steampowered.com/app/2687250/RIFA/?snr=1_7_7_230_150_10
Vampire Castle VR Maiden's Adventure,https://store.steampowered.com/app/3313160/Vampire_Castle_VR__Maidens_Adventure/?snr=1_7_7_230_150_10
巴哈姆特1-REMAKE(BAHAMUT1-REMAKE),https://store.steampowered.com/app/3201530/1REMAKEBAHAMUT1REMAKE/?snr=1_7_7_230_150_10
Square 2048,https://store.steampowered.com/app/3421950/Square_2048/?snr=1_7_7_230_150_10
Танки Вместе Стрельба,https://store.steampowered.com/app/3400160/Tanki_Vmeste_Strelba/?snr=1_7_7_230_150_10
DYNASTY WARRIORS: ORIGINS,https://store.steampowered.com/app/2384580/DYNASTY_WARRIORS_ORIGINS/?snr=1_7_7_230_150_10
9 Lives to Defend,https://store.steampowered.com/app/2389560/9_Lives_to_Defend/?snr=1_7_7_230_150_10
Tales of Graces f Remastered,https://store.steampowered.com/app/2530980/Tales_of_Graces_f_Remastered/?snr=1_7_7_230_150_10
Slay the Alice,https://store.steampowered.com/app/3048760/Slay_the_Alice/?snr=1_7_7_230_150_10
Stage Cleared,https://store.steampowered.com/app/3209860/Stage_Cleared/?snr=1_7_7_230_150_10
Dragon Ruins II,https://store.steampowered.com/app/3293490/Dragon_Ruins_II/?snr=1_7_7_230_150_10
Starlair,https://store.steampowered.com/app/3126380/Starlair/?snr=1_7_7_230_150_10
Football Coach: College Dynasty,https://store.steampowered.com/app/2151290/Football_Coach_College_Dynasty/?snr=1_7_7_230_150_10
Gallery: Coloring book & decor,https://store.steampowered.com/app/3253860/Gallery_Coloring_book__decor/?snr=1_7_7_230_150_10
Age of Water,https://store.steampowered.com/app/2695490/Age_of_Water/?snr=1_7_7_230_150_10
ロボット少女は夢を見る-RobotBattleChampionship-,https://store.steampowered.com/app/2742730/RobotBattleChampionship/?snr=1_7_7_230_150_10
Tyrant's Realm,https://store.steampowered.com/app/2259260/Tyrants_Realm/?snr=1_7_7_230_150_10
Check Inn,https://store.steampowered.com/app/2741390/Check_Inn/?snr=1_7_7_230_150_10
Banana Massacre,https://store.steampowered.com/app/3388530/Banana_Massacre/?snr=1_7_7_230_150_10
Aure,https://store.steampowered.com/app/2620690/Aure/?snr=1_7_7_230_150_10
Desperate Travelers,https://store.steampowered.com/app/2946190/Desperate_Travelers/?snr=1_7_7_230_150_10
RANDOMAX,https://store.steampowered.com/app/3096420/RANDOMAX/?snr=1_7_7_230_150_10
Undead Hunter Part I,https://store.steampowered.com/app/3316330/Undead_Hunter_Part_I/?snr=1_7_7_230_150_10
Signal Maze,https://store.steampowered.com/app/2153430/Signal_Maze/?snr=1_7_7_230_150_10
The Escape Room Chronicles ep1:The Mysterious KumaDonald's,https://store.steampowered.com/app/3196770/The_Escape_Room_Chronicles_ep1The_Mysterious_KumaDonalds/?snr=1_7_7_230_150_10
Kill A Million Rats,https://store.steampowered.com/app/2551440/Kill_A_Million_Rats/?snr=1_7_7_230_150_10
Lock In,https://store.steampowered.com/app/3070410/Lock_In/?snr=1_7_7_230_150_10
Tenshi,https://store.steampowered.com/app/3395530/Tenshi/?snr=1_7_7_230_150_10
Deckarium,https://store.steampowered.com/app/3011230/Deckarium/?snr=1_7_7_230_150_10
Age of Darkness: Final Stand,https://store.steampowered.com/app/1426450/Age_of_Darkness_Final_Stand/?snr=1_7_7_230_150_10
Dead Streets: Zombie Blitz,https://store.steampowered.com/app/2984000/Dead_Streets_Zombie_Blitz/?snr=1_7_7_230_150_10
Broken Alliance,https://store.steampowered.com/app/1704180/Broken_Alliance/?snr=1_7_7_230_150_10
Factorio,https://store.steampowered.com/app/427520/Factorio/
